Feature,F_score,p_value,Selected
DP,485.34605166498363,3.0374613424035325e-167,True
ALTV,288.7607079585344,1.3816695958400039e-108,True
ASTV,282.77222874077495,1.2115111933736905e-106,True
Mean,238.1540293109412,7.817010947927005e-92,True
Mode,214.69982174516392,8.409071176593368e-84,True
Median,196.5917696259496,1.7716529931030304e-77,True
AC,157.71237691309793,1.606568783306026e-63,True
Variance,147.54804242101423,8.79448233023402e-60,True
LB,103.97163711016077,2.616705964843309e-43,True
MSTV,100.06545472212298,8.535860638193523e-42,True
UC,83.40577567663915,2.8662687630105474e-35,False
Min,71.80750812728465,1.1756563523145776e-30,False
MLTV,55.73875640117463,3.6204250282048654e-24,False
DL,47.34053634235974,9.91237610459963e-21,False
Width,47.33686452304799,9.946899536032207e-21,False
Tendency,35.652058611038015,6.832908553906511e-16,False
DS,30.137248071671316,1.3798129693433622e-13,False
FM,12.947015082726246,2.6295046759406624e-06,False
Nmax,9.170174069735829,0.00010937650929309833,False
Max,2.454221688207582,0.08623662206752972,False
Nzeros,0.7909706877147934,0.45357244195186974,False
